Cohort ID,Likelihood Weights,Mortality Prob
0,2.246699329547818e-50,0.1334044009405148
1,2.9559767977406484e-141,0.19406489868843163
2,8.617808486467909e-09,0.05002287496346898
3,5.402307768339572e-28,0.11046651452636796
4,0.00014794724514721587,0.07935117816342262
5,0.020464517785743694,0.06846771895375957
6,0.00028290408838057494,0.08725204227553418
7,6.110702064884597e-25,0.11911214540860955
8,1.1260627940260476e-38,0.129353494846134
9,8.902361830596299e-76,0.1577633468006714
10,4.742421873074225e-39,0.13383890288065897
11,1.278894687289611e-139,0.1870439000793519
12,5.082227116828006e-09,0.09089044994630349
13,1.8711088789009722e-195,0.2256234872781891
14,3.6215583623618406e-07,0.055477518639585235
15,3.1284526318917462e-115,0.18409350203568048
16,6.566735681841803e-32,0.1334609604734254
17,1.160301634198333e-79,0.16173796568915033
18,0.0010850044324745938,0.07807738771904676
19,4.094703820194118e-06,0.08962029781697577
20,6.194091242992263e-163,0.21014891373510736
21,9.734170971396188e-200,0.24365231514387953
22,2.3663887309024753e-24,0.11268483563184857
23,3.429095388280457e-137,0.1884645231338628
24,4.030569001433674e-177,0.22527783045920768
25,4.378899895372779e-179,0.22892133270076948
26,0.02261092881778517,0.0670088422739556
27,4.97684913106251e-05,0.05781095664657648
28,5.950729461443767e-11,0.08396608391291378
29,2.7117157061743075e-192,0.22562850068588264
30,0.021615633472437206,0.06966936676661002
31,2.4995820208841023e-45,0.13422152500101042
32,6.147866405494188e-241,0.24157790603010038
33,2.0412946151775e-85,0.15663305699460342
34,3.225816631005759e-106,0.18837542279009467
35,6.566735681841803e-32,0.1131031262012126
36,2.9629342438168373e-108,0.18730018553631672
37,3.3008463017887495e-174,0.21692513437947458
38,2.229470830878649e-06,0.05365765546883836
39,3.2705596650904823e-133,0.20002886298899353
40,6.147866405494188e-241,0.24777221778129893
41,2.5770247818662657e-129,0.1996331308759679
42,3.751693657685277e-17,0.10608879841288105
43,8.568669110804999e-135,0.20785586569029774
44,0.006215961642737979,0.07064520131552841
45,1.8968417822748054e-59,0.13957870523518104
46,8.031829310284812e-201,0.2317191006186191
47,1.205127696990928e-24,0.1087228296747359
48,1.238264006021725e-18,0.10755506771726975
49,2.760899767799656e-05,0.07600571442365554
50,4.3866408665937695e-06,0.05387339157405942
51,7.038562056590827e-103,0.18576710658797818
52,1.0733748217354594e-09,0.09232562320001181
53,1.0503531626759391e-12,0.10310933187444525
54,8.376828542362399e-65,0.14831463185606766
55,0.00036710323196414356,0.06067250902341608
56,3.2133031973473058e-102,0.16482352109840262
57,0.0001845121331838693,0.07934571498116204
58,2.027823579139038e-91,0.16786110738065685
59,9.186446763831761e-122,0.18995167200418622
60,0.014304966537004811,0.07046688576556517
61,1.164850448241854e-48,0.13281119756391369
62,1.6852364922448776e-125,0.18888003154554905
63,4.222662047969865e-57,0.13283585390538055
64,0.0074700741611854905,0.05999069178921743
65,6.977720775013016e-61,0.15717928118310232
66,3.225816631005759e-106,0.1827589290439578
67,8.572275736998228e-81,0.15297782241166172
68,1.9766402387395466e-207,0.2389189511981627
69,7.877753691160826e-85,0.1673110081003986
70,3.556697093866941e-189,0.2306803830575767
71,7.229823830335063e-06,0.07749494082924752
72,0.0017945268780883952,0.07785526945015171
73,3.301554749743919e-160,0.21147825774190476
74,4.016665085603939e-52,0.12953536739710672
75,0.00034779683669528797,0.08307083942338656
76,6.550090647816085e-202,0.23550171607920678
77,9.675224876511422e-36,0.11955317194910131
78,2.9559767977406484e-141,0.2001624206272311
79,2.6286940527721147e-159,0.19519959707009032
80,4.204594103196434e-204,0.22666121824116198
81,5.7994468950690555e-99,0.17473444141112177
82,9.55484096148955e-125,0.20018848680546747
83,6.24423994673804e-33,0.11977966839556851
84,1.9475870098896368e-16,0.10398557835300522
85,6.550090647816085e-202,0.22917724363921338
86,2.1421118360929646e-47,0.13561823797425898
87,1.1681066176763351e-239,0.2429680094296771
88,1.161039445046563e-116,0.18268829956368965
89,3.8239089634667487e-95,0.17433914404182438
90,0.017244507441735855,0.07294919459067505
91,1.1245003535283399e-209,0.23989785174141426
92,6.071632877859525e-50,0.1399824266959881
93,1.347284908338588e-86,0.16567792287742636
94,2.597397277736578e-43,0.13162736055225624
95,6.524329702225401e-17,0.09740539604860554
96,3.2850520329499985e-190,0.23067590411245076
97,7.038562056590827e-103,0.16473589733445718
98,3.8610614901593043e-13,0.0505740654062318
99,3.313452515473116e-104,0.17342898272414478
100,3.010562138308509e-32,0.11532898035441924
101,8.966318711818106e-96,0.15541162045152185
102,1.9766402387395466e-207,0.22718841986215493
103,2.8249430437890006e-33,0.12145395200049997
104,2.2069169458877321e-215,0.23170703018395983
105,2.0930876037448615e-112,0.17467202315836056
106,8.243654173361011e-10,0.05316424856931126
107,4.396368001107221e-213,0.23588744674875228
108,1.9521059323562502e-140,0.1881793835033848
109,1.5000726319241602e-208,0.2494645700902961
110,0.002101478654662152,0.08446810166906571
111,0.0032762336525589634,0.07742714992577555
112,1.1660993106597836e-198,0.2365190926074327
113,1.6073598233495676e-114,0.18936363229798003
114,0.005891881865636592,0.0632000345444125
115,2.5770247818662657e-129,0.20109261052049326
116,6.616246509330026e-143,0.2007752376922493
117,1.1694464920271375e-229,0.23460490710929666
118,3.2705596650904823e-133,0.19230495172569434
119,0.022385365278606604,0.07485419239443294
120,8.391348439437747e-06,0.05397602676795912
121,2.0929551121083592e-13,0.05524219737554386
122,0.0001424728866846314,0.05566129760415892
123,2.5245741291194437e-07,0.09924221352060919
124,4.0357327989578637e-187,0.22200558973657764
125,3.794020289111715e-74,0.1577662128683306
126,3.1263857851792837e-75,0.1605643957371532
127,1.9431380752500723e-169,0.21840617847192118
128,0.021615633472437206,0.07483466302398223
129,6.405110591669429e-20,0.10583673580222791
130,2.5501587041360203e-98,0.16715185429165758
131,3.1347742253604866e-214,0.2439191496639349
132,1.347284908338588e-86,0.162206043851142
133,0.0012523581213400956,0.053729457874588604
134,1.278894687289611e-139,0.2101265345361233
135,6.6018137550305064e-12,0.09659485476820409
136,1.4692937607758816e-167,0.21142103912375582
137,5.00865456963692e-35,0.12757212881283436
138,3.5634357664298744e-175,0.22270837091188572
139,2.2027383707369154e-170,0.1994243285474369
140,1.3110930061555189e-73,0.1612480467980838
141,0.014304966537004811,0.07729104513213701
142,6.088379844103466e-06,0.061983537902442334
143,0.01982846808576897,0.07426869114814748
144,7.656888204269557e-07,0.05891037570895235
145,0.021162624237044663,0.07149882582121858
146,4.802665841072003e-10,0.09514186772157095
147,2.950776436025189e-126,0.19259779607653532
148,3.794020289111715e-74,0.1619433964108285
149,5.475136171052371e-09,0.05251119603182317
150,0.016275726251331248,0.06439485593789736
151,6.550090647816085e-202,0.2434552660000544
152,5.476648477407999e-89,0.16362009238398845
153,1.3902992670645736e-10,0.0906586469321981
154,5.844423034184522e-14,0.10046514891406469
155,2.0742107718145137e-158,0.1987651708150186
156,1.0733748217354594e-09,0.08908589622186376
157,7.038562056590827e-103,0.16627178545465154
158,3.1347742253604866e-214,0.24400399781766247
159,3.301554749743919e-160,0.21936576029800708
160,3.867413851311346e-11,0.09796955182951723
161,2.3578389899159386e-54,0.148753942853746
162,7.882001050408083e-119,0.17399114367627594
163,2.2069169458877321e-215,0.21579617991003575
164,0.002101478654662152,0.08135827892921685
165,4.3866408665937695e-06,0.053715240435481905
166,0.008336989734044453,0.06400442874384447
167,2.1085320063730636e-60,0.14726902218740637
168,1.6073598233495676e-114,0.17126589233066608
169,3.225816631005759e-106,0.16377028741729627
170,1.3634244168351498e-29,0.11347248186443215
171,2.3166827280155747e-233,0.24772323088248976
172,8.966318711818106e-96,0.16594904384915937
173,2.3578389899159386e-54,0.12602823452471007
174,8.29341742200816e-91,0.16018964382357936
175,6.097376353442382e-148,0.19906688618130042
176,5.1290262259286845e-127,0.18384657869063692
177,4.080746332931543e-13,0.10298391153256188
178,0.022559325631392704,0.06326696688568832
179,1.1260627940260476e-38,0.12401683958282127
180,6.799719753453062e-107,0.17594350140431292
181,7.195866065380139e-10,0.09203480198296793
182,1.371013040295585e-135,0.20055111074776277
183,0.0074700741611854905,0.06330729627082299
184,3.836587911364134e-19,0.10206301971570819
185,8.998951406694777e-165,0.21095091274866912
186,4.841771460480568e-07,0.08868685652466556
187,1.6073598233495676e-114,0.17789217617598801
188,4.376104087808638e-83,0.15493406182474673
189,1.1245003535283399e-209,0.23496159407987016
190,2.5023804081486674e-11,0.1026593540974222
191,0.018167941429343398,0.06319221813680476
192,3.005953766994988e-146,0.19701319265773393
193,3.3008463017887495e-174,0.20443560590864934
194,1.6165972322166736e-196,0.2315631705007048
195,3.556697093866941e-189,0.2363944138393675
196,1.114762252169032e-07,0.0527903145951194
197,4.080746332931543e-13,0.09687241722428411
198,1.2577058827241645e-109,0.17335567140033153
199,2.2069169458877321e-215,0.2398032641375233
200,5.202384106914032e-226,0.24003522384941595
201,2.5689435590376496e-63,0.16133063763903127
202,1.9502522894320565e-228,0.23312126995325494
203,3.225816631005759e-106,0.1783132417892675
204,1.272369556453573e-33,0.12800154282824927
205,6.3399274055209e-60,0.14719813341938195
206,3.8239089634667487e-95,0.17086209658399465
207,8.29341742200816e-91,0.15990958430171254
208,4.2224702963648966e-178,0.23523628534129076
209,2.573020804163431e-206,0.23374668712672125
210,1.623880314053874e-44,0.128975122584711
211,1.5000726319241602e-208,0.2426525056881424
212,1.0765855277346407e-08,0.08479113333609287
213,0.002839509980332771,0.07526590388792748
214,0.003761373048559478,0.07701583160934627
215,6.64930989800253e-70,0.15113243313537933
216,4.3866408665937695e-06,0.0543049610548396
217,8.325904874260439e-211,0.2395940422435362
218,4.1559246010676724e-153,0.21542309423414652
219,3.6215583623618406e-07,0.05300379614842448
220,2.276598380018077e-06,0.08523925111501104
221,2.547021850224119e-34,0.1164127148733674
222,0.0007570906607765445,0.07619936896218338
223,3.808829201184198e-176,0.2118981384253164
224,1.3634244168351498e-29,0.1189473305366587
225,9.734170971396188e-200,0.23802149646667342
226,4.928975777701794e-92,0.16640283598941602
227,4.386880429025798e-185,0.22576639688236882
228,2.2027383707369154e-170,0.2189468890784444
229,3.001132255928648e-191,0.23107846374172986
230,8.298117453915241e-40,0.1419760531633614
231,3.0229160053481677e-84,0.15926936320407464
232,2.749666051377457e-172,0.2097207182304079
233,6.110702064884597e-25,0.10714377034682952
234,7.960029964682928e-63,0.14805070452398555
235,1.1534136193165625e-83,0.16982206152917567
236,2.229470830878649e-06,0.05310665511016715
237,2.944086587957462e-100,0.16869628163932743
238,2.597397277736578e-43,0.13673526979789166
239,3.083366919223729e-152,0.2114721057769683
240,1.205127696990928e-24,0.1130489606190746
241,7.127269975612081e-219,0.22857774170503026
242,2.187909355272647e-88,0.1655714430569071
243,2.5245741291194437e-07,0.08680204032549302
244,2.0742107718145137e-158,0.2075858467651009
245,1.620964307369491e-94,0.1724062354089868
246,0.01903334874238334,0.06078185441475059
247,1.1063419229393462e-51,0.13403873600022645
248,2.2137147459883345e-117,0.1858137673130859
249,8.323299969178507e-225,0.2337203555955052
250,3.778077602475446e-11,0.05008040497827149
251,4.763909772223867e-220,0.24535182980621195
252,1.4260428236990521e-31,0.1253160629491549
253,9.479353489558518e-249,0.24475670767166452
254,1.1144743713180925e-97,0.17094322019481062
255,8.57581237952408e-149,0.21576916159613863
256,1.7726877190622178e-71,0.16494230094162046
257,3.1284526318917462e-115,0.17561523966147008
258,2.2826900002669315e-27,0.10711525633913879
259,6.64930989800253e-70,0.1673666681312166
260,1.6221055149269617e-157,0.20000435274053202
261,3.2850520329499985e-190,0.22166276728580847
262,8.312141838593513e-139,0.20101643769353605
263,2.9559767977406484e-141,0.1896114496894606
264,1.1245003535283399e-209,0.22289588601091997
265,1.5880753836611423e-21,0.1145361993673493
266,8.20242117633635e-114,0.18415775815751745
267,6.977720775013016e-61,0.14017478728266985
268,1.4258681462159284e-40,0.12642055040630346
269,8.153711510805627e-48,0.13216226998443714
270,4.742421873074225e-39,0.1302959166939081
271,3.0346655788940784e-30,0.11347678919165538
272,7.038562056590827e-103,0.1743838735840603
273,3.0891046647418685e-48,0.13604945416425288
274,1.1660993106597836e-198,0.24476041558545047
275,1.0467164684647091e-111,0.18556017828686222
276,7.413526277858388e-09,0.08971397768542218
277,5.601402573392644e-47,0.13534020186960655
278,2.206280594749879e-35,0.11866924795488461
279,2.6286940527721147e-159,0.2095277607917133
280,1.9766402387395466e-207,0.22599965771268637
281,4.030569001433674e-177,0.23076839116527442
282,2.2137147459883345e-117,0.18254396247505245
283,1.6473159834185623e-15,0.10404165240595156
284,1.6740851765194702e-12,0.10047334030091795
285,7.500599968168436e-164,0.22097958853948046
286,7.759469317159259e-68,0.15554292926174934
287,3.0275195161511985e-173,0.2104322168009196
288,1.1909779917947665e-92,0.16449770343832126
289,2.9559767977406484e-141,0.19662850505750223
290,1.7726877190622178e-71,0.15380232549281117
291,1.1960503865130439e-149,0.2041767821003776
292,7.877753691160826e-85,0.1637715981409431
293,1.9968444216993093e-70,0.14314197571839618
294,5.00865456963692e-35,0.11853778159065637
295,6.53867455658054e-05,0.06364186968334083
296,4.742421873074225e-39,0.12558483586561997
297,0.01903334874238334,0.06592521553965047
298,3.207372451807793e-227,0.246563422746089
299,1.8105650431185165e-07,0.08632257026615275
300,1.1660993106597836e-198,0.21237173954410798
301,7.127269975612081e-219,0.22499232899117966
302,5.35988429129179e-138,0.18768265047718868
303,1.1909779917947665e-92,0.16389888254907514
304,0.0009085450495903577,0.08219428736312176
305,6.977720775013016e-61,0.14337600455266125
306,1.1129167046243412e-27,0.119034410231043
307,3.867413851311346e-11,0.09500799156281692
308,2.0412946151775e-85,0.16850237375315935
309,1.4672047042433105e-37,0.11245396754038339
310,5.279130022036095e-203,0.23326111069367017
311,8.325904874260439e-211,0.23192710499031144
312,6.472057781338254e-23,0.10142365875643924
313,0.0197537622041275,0.07217826014880585
314,5.831854773946039e-05,0.08859254640382258
315,7.960029964682928e-63,0.14991683413577722
316,9.778863399355978e-144,0.19571713359491927
317,1.5939880485648658e-09,0.0916388876817583
318,1.9475870098896368e-16,0.09960671167544616
319,1.9766402387395466e-207,0.22033437498727343
320,4.371838593706976e-49,0.13316974365350548
321,6.047537322188348e-116,0.17333701343104724
322,4.802665841072003e-10,0.09673322784785002
323,0.0025036253311500082,0.0703934518851595
324,5.240098301280846e-72,0.15317140339370597
325,2.4995820208841023e-45,0.1454281974099565
326,0.0032762336525589634,0.08053432881863265
327,4.8406697402203e-97,0.1743612463480831
328,1.3110930061555189e-73,0.15880202376278763
329,1.2577058827241645e-109,0.1808274693941489
330,0.011346483368104765,0.07890910802493196
331,5.35988429129179e-138,0.2003055634270488
332,6.499298915075746e-08,0.09440982795998454
333,7.101944299490566e-77,0.1538703648732066
334,8.998951406694777e-165,0.20705920564432378
335,1.114762252169032e-07,0.05446608559836124
336,6.405110591669429e-20,0.1148724919452373
337,2.7117157061743075e-192,0.22458447528002223
338,4.378899895372779e-179,0.21894192152041392
339,1.8968417822748054e-59,0.15768811851890874
340,4.0357327989578637e-187,0.22332165483330263
341,4.763909772223867e-220,0.23996119827072532
342,3.0275195161511985e-173,0.21528139952586828
343,1.1660993106597836e-198,0.22082308876730777
344,0.022385365278606604,0.06974868036406967
345,8.20242117633635e-114,0.18026086646819822
346,8.568669110804999e-135,0.19070339763053062
347,4.8406697402203e-97,0.17204816252932592
348,9.65959257779924e-156,0.2099230523472056
349,0.00036710323196414356,0.05691424397432685
350,1.278894687289611e-139,0.20404774691099598
351,1.2107668514670648e-131,0.1963457201479054
352,3.3430904569929066e-16,0.10193967865967063
353,3.927816233553997e-18,0.10141385976442935
354,1.2577058827241645e-109,0.17646066348602557
355,2.870975543299339e-29,0.11905949231821632
356,9.65959257779924e-156,0.2093177356014575
357,5.601402573392644e-47,0.13922924640069145
358,1.997523710064458e-132,0.2065498829568344
359,1.5273432525436098e-266,0.24809435672476815
360,9.478139704231098e-27,0.11004966790678002
361,0.00022901855563551538,0.07860116565161988
362,1.1245003535283399e-209,0.2302616872698548
363,1.160301634198333e-79,0.15831187577747466
364,7.916226071710354e-271,0.24494807417101644
365,3.2133031973473058e-102,0.17732088000037943
366,1.975321382075349e-247,0.2487826049220958
367,1.3629086719615203e-89,0.15921416082859033
368,1.1534136193165625e-83,0.15528518678110426
369,2.5245741291194437e-07,0.07708558061443399
370,1.3634244168351498e-29,0.12114103419677623
371,6.088379844103466e-06,0.05524371345927466
372,0.0017945268780883952,0.08207903590392981
373,3.2705596650904823e-133,0.19912743854149922
374,0.0010369754820944614,0.05607993798575777
375,5.00865456963692e-35,0.12330861944874888
376,4.592749483631972e-182,0.22246925056760886
377,9.186446763831761e-122,0.1885355435014709
378,1.5157979716481277e-128,0.18818842841323374
379,9.377196831291823e-05,0.08772736019106218
380,3.5455635538246523e-56,0.13838085614968468
381,3.3719101969851605e-90,0.16631548146885825
382,1.62746174264422e-243,0.24795034153274104
383,2.3565772435858518e-09,0.09078124504662438
384,6.561284647341415e-13,0.09954658035247098
385,1.9003661834991578e-20,0.10243461675458239
386,1.1960503865130439e-149,0.20003448265959856
387,1.451327798798761e-52,0.14139506548713857
388,0.016275726251331248,0.061385887682219004
389,6.977720775013016e-61,0.15170324812204794
390,4.667499067712174e-15,0.0923920329287352
391,2.4730340670781528e-171,0.20972084895204207
392,4.472919166467488e-22,0.10946627630145445
393,3.6215583623618406e-07,0.05552120239090073
394,1.347284908338588e-86,0.16868648989292423
395,4.230135915083294e-186,0.2187680857862378
396,5.705428704663151e-34,0.12620322481244284
397,3.301554749743919e-160,0.1999716621452287
398,6.3399274055209e-60,0.15222829565942564
399,2.6491347311718345e-65,0.15819036099243772
400,1.1694464920271375e-229,0.2418868642123505
401,4.440274398453764e-142,0.21079217829972935
402,0.0015030566105548677,0.0564646133247148
403,2.7290727767153385e-120,0.19187745024625902
404,5.647105047276887e-59,0.14300029631270122
405,6.914666311727918e-231,0.23950978827901998
406,4.5774011120032606e-08,0.09428654686469767
407,2.972942535106053e-21,0.10341440393687316
408,0.022091417057450134,0.0662947929754524
409,1.8968417822748054e-59,0.1357237657327573
410,0.016275726251331248,0.07180375280381367
411,3.313452515473116e-104,0.17675735212238358
412,1.9431380752500723e-169,0.2105926474747476
413,2.7290727767153385e-120,0.18936009922403568
414,2.0742107718145137e-158,0.20324227621515412
415,1.7454964359229532e-23,0.11849082396870397
416,3.3008463017887495e-174,0.21917029660553555
417,1.451327798798761e-52,0.1357537549998885
418,4.2224702963648966e-178,0.21480197408246376
419,7.038562056590827e-103,0.17529923172485878
420,0.0009085450495903577,0.07868460973404899
421,0.01811549353890682,0.0656773799709896
422,2.0858372116324282e-08,0.05366652858260146
423,0.008336989734044453,0.0633449995278713
424,2.919545658431037e-55,0.14171676274168638
425,0.01896691498328009,0.0726683845535181
426,4.8957353080294504e-08,0.055556669769733995
427,6.194091242992263e-163,0.2009722962780935
428,3.986093858222515e-42,0.1289700960921279
429,1.6540394593582954e-150,0.19938769912150506
430,6.071632877859525e-50,0.14048096534929033
431,9.738783363851495e-46,0.14001734940015223
432,1.0198974532605484e-55,0.14561450134356618
433,1.1063419229393462e-51,0.1448007853124388
434,5.35988429129179e-138,0.21063266842283396
435,8.153711510805627e-48,0.13047850397154717
436,4.204594103196434e-204,0.23093723206872463
437,3.6215583623618406e-07,0.05741220959080717
438,3.005953766994988e-146,0.20477486854408372
439,0.00034779683669528797,0.07512827622754777
440,3.225816631005759e-106,0.1737027133824171
441,8.617808486467909e-09,0.05207285226704639
442,1.9896289566840028e-77,0.1577254565152694
443,1.6633252700627965e-07,0.05060359132391928
444,8.323299969178507e-225,0.24023875709804093
445,3.001132255928648e-191,0.23108040674055563
446,6.616246509330026e-143,0.20919338838845386
447,2.1864773437250068e-238,0.2330548639829575
448,0.0006278287622846591,0.07911164623167942
449,0.0005181216873263685,0.08154601397410666
450,1.8105650431185165e-07,0.08752633458048681
451,3.8239089634667487e-95,0.17449918045998425
452,3.556697093866941e-189,0.23116189920166036
453,1.533884854080325e-216,0.24799103567181474
454,1.433578526330967e-144,0.1922244917531632
455,1.6221055149269617e-157,0.19636008182845904
456,1.1660993106597836e-198,0.2318586409088509
457,4.742421873074225e-39,0.13017474647422417
458,1.6473159834185623e-15,0.09997013604500736
459,0.0015248913262550603,0.08468603415742457
460,0.0015248913262550603,0.07389141006674581
461,2.0742107718145137e-158,0.21252211760656575
462,0.00011806504548763456,0.07935847468344864
463,2.15456622970928e-14,0.10285949654538014
464,8.57581237952408e-149,0.21381783572670615
465,1.1682834099670522e-19,0.112117450358842
466,8.183669551896405e-245,0.2464834898585886
467,1.9475870098896368e-16,0.10332774043032705
468,3.4315697585848555e-87,0.1567306689942423
469,2.870975543299339e-29,0.11289340223716993
470,1.5000726319241602e-208,0.2321545662347675
471,1.4258681462159284e-40,0.12331132877024689
472,1.164850448241854e-48,0.1367184654546329
473,5.543656902884852e-78,0.15245853845567228
474,2.3166827280155747e-233,0.23777729547394266
475,8.617808486467909e-09,0.05618980125423015
476,3.429095388280457e-137,0.19337573272633785
477,6.088204992930014e-212,0.22820379085846781
478,0.0008532604615911891,0.055457444703493765
479,4.23353634928527e-79,0.15441024945050214
480,6.566735681841803e-32,0.11519796235400506
481,4.204594103196434e-204,0.2218978641731172
482,4.23353634928527e-79,0.16170331018450357
483,5.378224020044393e-124,0.1880455736325496
484,1.6330916294017724e-49,0.1405706999903075
485,8.849967035057523e-128,0.17566180750427146
486,1.0284173693845632e-20,0.10801937033748517
487,1.1012713860272754e-06,0.05186971559330316
488,5.476648477407999e-89,0.16535118699741816
489,4.626482654060929e-24,0.11228884282649257
490,7.877753691160826e-85,0.15345351970022597
491,1.3808881753834388e-197,0.23328117061077958
492,3.1263857851792837e-75,0.13529495770027922
493,2.5269049688138383e-13,0.09947920732047709
494,2.547021850224119e-34,0.1242587522558109
495,2.573020804163431e-206,0.23637222332730812
496,8.323299969178507e-225,0.23737367626181877
497,4.230135915083294e-186,0.21886598971314264
498,9.734170971396188e-200,0.23404130286113212
499,2.3565772435858518e-09,0.0955800579902634
500,0.022385365278606604,0.06749644191071819
501,1.6740851765194702e-12,0.09546194725693775
502,2.2826900002669315e-27,0.11287532322281009
503,1.8105650431185165e-07,0.08495317527126231
504,3.2133031973473058e-102,0.1714188323944921
505,4.661582358396882e-27,0.13271728300023228
506,7.500599968168436e-164,0.2132703023654428
507,9.18650318549796e-08,0.08702607965380613
508,3.005534717502299e-123,0.19037530595126212
509,6.6018137550305064e-12,0.09807112496982778
510,1.0920394871735828e-74,0.16484381776817195
511,1.205127696990928e-24,0.11979751944415779
512,0.01527440456597626,0.06139287989656655
513,5.950729461443767e-11,0.09576273419207518
514,9.55484096148955e-125,0.1828205110709587
515,7.759469317159259e-68,0.14945001867210628
516,2.5212691739899532e-76,0.15380319681473575
517,1.5564047215249582e-08,0.0849440300217845
518,2.5657398259504885e-110,0.1641431703092513
519,1.975321382075349e-247,0.24935068504164198
520,3.3008463017887495e-174,0.2133670217583244
521,3.313452515473116e-104,0.16887452476619558
522,4.477561478736316e-250,0.24519781366618099
523,4.2224702963648966e-178,0.2303125169338643
524,3.8239089634667487e-95,0.16912158672052913
525,1.561145721136407e-05,0.05648526506289142
526,0.016275726251331248,0.06871541916349616
527,0.01118909405858947,0.06307434300844528
528,2.919545658431037e-55,0.14034662973829506
529,9.815317488496037e-42,0.12508696663357155
530,1.3136326104314373e-223,0.24507000685405733
531,1.685839292356541e-06,0.083596658639923
532,4.032401520080955e-237,0.24455751838653106
533,1.1960503865130439e-149,0.20349497377260262
534,3.3008463017887495e-174,0.21484756792489956
535,3.313452515473116e-104,0.17652316335559948
536,1.1144743713180925e-97,0.18374655404134643
537,8.248958634295874e-64,0.14537646670423868
538,1.1012713860272754e-06,0.052627271384614455
539,6.263329140833529e-38,0.12060121710836497
540,2.635376828996784e-64,0.1484143602987117
541,5.378224020044393e-124,0.1960182422180209
542,6.3399274055209e-60,0.14372566854922186
543,3.5455635538246523e-56,0.14148098321788632
544,0.0017945268780883952,0.07753254818912064
545,7.226487838617653e-12,0.0521777467606958
546,1.6977640146497105e-168,0.20165565209539926
547,1.3741207773305681e-32,0.11399056761553568
548,1.5273432525436098e-266,0.24687669003870216
549,1.3902992670645736e-10,0.09404684523183121
550,1.3741207773305681e-32,0.11774160509633594
551,5.96529095723415e-71,0.15477922713322634
552,6.194091242992263e-163,0.20097829141210655
553,1.446601570932e-57,0.14277155678005915
554,0.004296866301945095,0.07496450862233527
555,6.472057781338254e-23,0.11250027569840991
556,8.248958634295874e-64,0.15090383394019893
557,1.6675794166000753e-122,0.18476980160337353
558,3.429095388280457e-137,0.20402999126241844
559,0.006215961642737979,0.07606715619087086
560,8.391348439437747e-06,0.05458302626447636
561,2.6491347311718345e-65,0.15381646444239788
562,1.069650339464119e-165,0.2119977421324833
563,3.207794289977128e-08,0.052520753405975264
564,3.1284526318917462e-115,0.18449396893074682
565,4.191691434083001e-118,0.18736164533139837
566,1.8677504836271107e-53,0.13984935071732751
567,1.9766402387395466e-207,0.23295773734838687
568,3.225816631005759e-106,0.1788722169513986
569,1.561145721136407e-05,0.05104796753029317
570,8.153711510805627e-48,0.14688568910287514
571,2.7117157061743075e-192,0.22186356121952
572,3.2850520329499985e-190,0.2160799140074679
573,6.571647190299248e-101,0.17983083942249561
574,8.568669110804999e-135,0.18473968477972635
575,2.5501587041360203e-98,0.16569991595784012
576,2.1479995308091815e-17,0.10482395503337044
577,4.928975777701794e-92,0.16210599810721177
578,3.0229160053481677e-84,0.18434595696348405
579,1.4222827350293352e-30,0.12048592604328177
580,1.2573046860025773e-156,0.22116567345078558
581,0.00011806504548763456,0.08900749720174146
582,8.20242117633635e-114,0.19946416206638468
583,9.722744726591508e-16,0.10792054923737548
584,9.778863399355978e-144,0.2047598574488364
585,5.870394169950444e-41,0.13554746586721525
586,6.097376353442382e-148,0.21153968182244193
587,1.3741207773305681e-32,0.12070697253359808
588,1.2926088471700697e-07,0.09273864752591623
589,2.9559767977406484e-141,0.20345690168435332
590,3.836587911364134e-19,0.11172838952613023
591,2.950776436025189e-126,0.19664901354528552
592,7.3562305339099466e-155,0.1988946306155464
593,4.5774011120032606e-08,0.09427934018164022
594,1.5939880485648658e-09,0.0928224273641297
595,2.111022261465113e-10,0.08978958468541334
596,2.1316755211833185e-05,0.07850366755316894
597,9.675224876511422e-36,0.12541651984146684
598,0.004537696911030866,0.055325576938324295
599,0.014304966537004811,0.07218407380684813
600,2.5770247818662657e-129,0.18491280475268213
601,1.278894687289611e-139,0.20995530737947726
602,0.0074700741611854905,0.06610590542567718
603,1.0338864648917027e-11,0.09634046209715841
604,2.111022261465113e-10,0.09152513236076287
605,1.8711088789009722e-195,0.23346671261632612
606,1.997523710064458e-132,0.19226290362729737
607,4.50657748088587e-73,0.16077692221028286
608,1.5507332215147112e-25,0.11090359758412405
609,4.4950455691379285e-180,0.21697080952635972
610,1.4578840808510632e-46,0.137061191525904
611,4.4950455691379285e-180,0.23469124302375505
612,1.532018365213639e-103,0.19121036086718662
613,8.902361830596299e-76,0.14560626159305667
614,0.011346483368104765,0.07524202074987174
615,9.479353489558518e-249,0.24520871009354955
616,5.831854773946039e-05,0.08196673006881867
617,1.0338864648917027e-11,0.09052042504393253
618,2.919545658431037e-55,0.1362363510320742
619,3.447591811203248e-40,0.13084038115502944
620,0.002101478654662152,0.07935029615285882
621,6.616246509330026e-143,0.1958637838722247
622,3.209301729255517e-08,0.0877490133754372
623,6.047537322188348e-116,0.17877912886233255
624,7.28356326486006e-131,0.20086119011525977
625,2.15456622970928e-14,0.09214647841666415
626,3.8239089634667487e-95,0.170190849621528
627,2.176720208985149e-136,0.19978567504916728
628,3.313452515473116e-104,0.1776437421240667
629,1.4577336978844992e-101,0.16942546058932983
630,1.238264006021725e-18,0.10909645713109942
631,6.616246509330026e-143,0.19632129424830175
632,1.3136326104314373e-223,0.23906168799998995
633,6.385810204876727e-45,0.1351122780523094
634,3.083366919223729e-152,0.20643636336628107
635,0.004537696911030866,0.061228207932383066
636,4.378899895372779e-179,0.21705432049799317
637,1.5939880485648658e-09,0.08845000336442954
638,3.4215461491217178e-37,0.12901937377799466
639,2.1217183558995182e-19,0.1100162091850713
640,0.006653911718743631,0.06602072876120986
641,9.734170971396188e-200,0.2309262005872486
642,3.776803831149202e-46,0.12403083551074766
643,1.347284908338588e-86,0.1561394876952279
644,2.1421118360929646e-47,0.14882325317926504
645,0.009475468773927144,0.07643222838858764
646,9.54023681598997e-06,0.09129081177788662
647,0.022559325631392704,0.06523776180646423
648,7.759469317159259e-68,0.15158433998905751
649,9.115911092544037e-11,0.10230991036659742
650,2.547021850224119e-34,0.12141232177655839
651,0.009475468773927144,0.07161306573944737
652,1.6540394593582954e-150,0.20751036793050143
653,0.0032762336525589634,0.07131677535776022
654,1.1694464920271375e-229,0.24714176474263755
655,7.229823830335063e-06,0.08543223288768348
656,3.1263857851792837e-75,0.16448102248692986
657,0.0017927605517660628,0.05896906691781763
658,1.6540394593582954e-150,0.20742325793116684
659,4.841771460480568e-07,0.08792118956365931
660,4.50657748088587e-73,0.15558079568162533
661,2.5770247818662657e-129,0.19801550863181433
662,9.377196831291823e-05,0.0799862969834512
663,1.3629086719615203e-89,0.16021743483739437
664,9.115911092544037e-11,0.09332344166575589
665,4.1559246010676724e-153,0.20183920986342896
666,1.4718028966643284e-119,0.19458303871124277
667,2.2399799551076384e-08,0.08530980685541661
668,4.230135915083294e-186,0.22239331153341468
669,1.572550259292243e-06,0.053955019903268855
670,4.378899895372779e-179,0.22204739948462304
671,5.259295080952918e-86,0.16178076223218768
672,6.484368536814892e-43,0.13064409442116987
673,2.6286940527721147e-159,0.2017493862044673
674,8.568669110804999e-135,0.193385800338494
675,1.1245003535283399e-209,0.24746523496168532
676,1.6473159834185623e-15,0.10561700972259656
677,3.0485358926343165e-10,0.05075873448186852
678,3.3008463017887495e-174,0.23678052166297758
679,4.2224702963648966e-178,0.22157942090757876
680,1.371013040295585e-135,0.19577017550385117
681,2.635376828996784e-64,0.1533377565843077
682,1.2107668514670648e-131,0.1913912490497522
683,7.500599968168436e-164,0.20610591137534856
684,1.4258681462159284e-40,0.12497518870737188
685,4.1559246010676724e-153,0.20406450506599155
686,1.5157979716481277e-128,0.20012486383503508
687,2.0930876037448615e-112,0.17264224230885195
688,2.4058945455134297e-41,0.13037318479356746
689,1.2107668514670648e-131,0.1894616038528682
690,3.0485358926343165e-10,0.050622571565038424
691,5.068272108051939e-162,0.20497932934491958
692,5.202384106914032e-226,0.2292833204913694
693,9.562878901933045e-14,0.09786314148750093
694,0.0069596230170156535,0.07415343686184594
695,7.195866065380139e-10,0.09405679755874552
696,2.7789174727182544e-15,0.11041934625801966
697,9.734170971396188e-200,0.22660570171276684
698,4.50657748088587e-73,0.1586332860476189
699,1.9475870098896368e-16,0.10734232992128612
700,0.006215961642737979,0.07767093795858931
701,2.1217183558995182e-19,0.10802889262090834
702,2.9629342438168373e-108,0.17277421794825054
703,1.2563492223703895e-28,0.11482770597948933
704,3.032780886413414e-51,0.1414720363381997
705,3.032780886413414e-51,0.13882342140332288
706,4.030569001433674e-177,0.21562707214630245
707,1.164850448241854e-48,0.13526963084724614
708,4.223959604946563e-36,0.11913976423510048
709,6.047537322188348e-116,0.18499432096182106
710,1.3902992670645736e-10,0.09429641114670576
711,6.64930989800253e-70,0.14344916478531078
712,3.4964152665608763e-20,0.11295313746480329
713,7.038562056590827e-103,0.17537112043256692
714,2.2027383707369154e-170,0.22547209493896253
715,1.8677504836271107e-53,0.1395378000291257
716,3.005953766994988e-146,0.20689148375838462
717,2.635376828996784e-64,0.14139314011231008
718,2.0930876037448615e-112,0.18124586634342627
719,0.010395464725666319,0.07636819500550043
720,5.601402573392644e-47,0.13659630139352963
721,1.0524116392617243e-217,0.23186239773098732
722,4.8406697402203e-97,0.17109580020618692
723,8.998951406694777e-165,0.20335491744742046
724,1.9968444216993093e-70,0.15094012161917886
725,7.258156910268461e-69,0.1496111249656015
726,1.6221055149269617e-157,0.21857996803857
727,0.02261092881778517,0.06356138686819075
728,1.0920394871735828e-74,0.16465445430993692
729,1.1681066176763351e-239,0.23855251508658987
730,8.68998524621872e-88,0.15357200963446438
731,1.2530581557835106e-05,0.0888931619055769
732,1.4692937607758816e-167,0.21958787848869527
733,6.6018137550305064e-12,0.10032782847117057
734,4.2990473026392025e-147,0.19014520729650758
735,8.902361830596299e-76,0.15805218807937998
736,2.0814629809328893e-251,0.23976725765604395
737,3.313452515473116e-104,0.1748673404805352
738,1.9431380752500723e-169,0.2175955924095459
739,5.033458964870437e-10,0.05158657523890462
740,6.914666311727918e-231,0.24786801123332763
741,0.0015030566105548677,0.0655429140664773
742,5.541396204770542e-21,0.11442590272295393
743,4.204594103196434e-204,0.2392304790913531
744,2.463437214568335e-07,0.05178782047424901
745,4.378899895372779e-179,0.2145460010843871
746,1.3808881753834388e-197,0.22224232767335889
747,2.5689435590376496e-63,0.1379661628417145
748,9.722744726591508e-16,0.10114903876118625
749,3.429095388280457e-137,0.21053790392665972
750,1.446601570932e-57,0.14557240088644424
751,3.060246621521565e-06,0.07686772173113923
752,1.3136326104314373e-223,0.23556979856500215
753,6.088204992930014e-212,0.22919399340132968
754,4.9315077353628896e-58,0.14830903000338708
755,4.570732644339338e-183,0.22134049930355842
756,6.385810204876727e-45,0.13371560515281972
757,1.161039445046563e-116,0.18669298003326024
758,2.597397277736578e-43,0.12959812788158448
759,1.7726877190622178e-71,0.15114840349016206
760,5.082227116828006e-09,0.08791034056678547
761,1.9502522894320565e-228,0.24299778482218276
762,3.3683984065779405e-23,0.10884313764885095
763,0.021162624237044663,0.07069191122328028
764,0.00014794724514721587,0.07886308004580962
765,2.195370165389833e-11,0.0528184588384886
766,9.55484096148955e-125,0.19318913989247893
767,3.4315697585848555e-87,0.16289966404817482
768,1.069650339464119e-165,0.20891567023695046
769,2.2976249292945002e-61,0.1514159846568273
770,3.2850520329499985e-190,0.20836420790083077
771,9.55484096148955e-125,0.1891528428543679
772,3.005953766994988e-146,0.20556969537183506
773,3.776803831149202e-46,0.13129657379541726
774,2.2137147459883345e-117,0.17955412663749626
775,9.117785617174406e-07,0.08595885953859489
776,2.610932602487892e-28,0.1143639926775808
777,5.831854773946039e-05,0.0845209240239585
778,2.4995820208841023e-45,0.1317274450026525
779,2.972942535106053e-21,0.09828374959311977
780,5.647105047276887e-59,0.1313843988258716
781,7.127269975612081e-219,0.24504446848746242
782,1.4222827350293352e-30,0.11406386516440625
783,2.5126247577748396e-262,0.24649818899497905
784,2.0930876037448615e-112,0.17726122517119675
785,1.9187451427644744e-26,0.1250182036787822
786,3.3008463017887495e-174,0.22149689981671933
787,5.7994468950690555e-99,0.17391734787371477
788,2.5269049688138383e-13,0.10040661602616788
789,4.2224702963648966e-178,0.20857113559537754
790,5.601402573392644e-47,0.1365877017468326
791,3.3683984065779405e-23,0.1215022334660883
792,2.1217183558995182e-19,0.11605538730501619
793,5.024803327547078e-121,0.18947377512262792
794,2.1217183558995182e-19,0.10373002478124532
795,2.2027383707369154e-170,0.21165560274107603
796,8.446421122794134e-22,0.10905775887996956
797,2.5501587041360203e-98,0.15882427671707144
798,1.5408009952671766e-72,0.14758429836104048
799,1.1660993106597836e-198,0.22107128251907399
800,1.8711088789009722e-195,0.22767728687907718
801,5.4535696518615976e-06,0.08687688847355335
802,1.1144743713180925e-97,0.16706969178765022
803,1.1245003535283399e-209,0.22964100920342745
804,2.4995820208841023e-45,0.13922344380688595
805,1.3136326104314373e-223,0.2343736610967631
806,3.867381400719729e-26,0.10579817809139419
807,8.29341742200816e-91,0.17176623483875914
808,8.20242117633635e-114,0.18649074195336307
809,7.195866065380139e-10,0.09564114667009682
810,1.1012713860272754e-06,0.052753502511543364
811,1.6330916294017724e-49,0.13334479247413922
812,3.001132255928648e-191,0.23769637837134683
813,6.566735681841803e-32,0.11860562196608132
814,2.2680075364452227e-151,0.20594885909652
815,4.094703820194118e-06,0.08494726256548149
816,3.0850300788773273e-25,0.11839056726049049
817,0.01811549353890682,0.07891954416761936
818,2.9559767977406484e-141,0.1933541628292752
819,1.6852364922448776e-125,0.18986152473936285
820,6.047537322188348e-116,0.1876994635897838
821,4.667499067712174e-15,0.10067920689725994
822,1.0467164684647091e-111,0.1884720243246818
823,3.5562994647890685e-14,0.09545950818318992
824,6.385810204876727e-45,0.13492982318626795
825,6.446520350339568e-30,0.12438442433353745
826,5.402307768339572e-28,0.12106158232402445
827,0.0017927605517660628,0.06153096144825128
828,3.2133031973473058e-102,0.17632932537318796
829,4.440274398453764e-142,0.1914633205363399
830,6.124606970502929e-109,0.17271773890056713
831,1.4577336978844992e-101,0.17966255123262492
832,7.412532721499657e-05,0.08398814284345155
833,0.00011806504548763456,0.07988935978777251
834,1.6729143538282314e-58,0.15283500870517658
835,4.378899895372779e-179,0.2250665452709078
836,3.5041761387208867e-07,0.08679068830944442
837,3.032780886413414e-51,0.142567823741652
838,1.451327798798761e-52,0.1357864668059806
839,4.376104087808638e-83,0.14945783718390326
840,6.659473467067251e-07,0.08230215409720239
841,2.4058945455134297e-41,0.11848812822696211
842,2.111022261465113e-10,0.10237608082070404
843,8.031829310284812e-201,0.21890538864589582
844,4.230135915083294e-186,0.21006644915528033
845,6.484368536814892e-43,0.13532783165362872
846,2.0896976920751314e-96,0.1714030921578078
847,0.011346483368104765,0.079093122053244
848,1.6729143538282314e-58,0.15192265884351175
849,1.9187451427644744e-26,0.10938941715738092
850,2.4730340670781528e-171,0.22193019071384024
851,3.2133031973473058e-102,0.18431967618127798
852,2.0896976920751314e-96,0.17669480252448422
853,0.02168178908022293,0.07495026001383585
854,2.919545658431037e-55,0.14411757589977714
855,1.1660993106597836e-198,0.24731455591737633
856,1.3136326104314373e-223,0.239659834814533
857,2.3106715713394306e-81,0.17901712805208875
858,0.00028290408838057494,0.08034497420639473
859,6.799719753453062e-107,0.177825369743981
860,3.4315697585848555e-87,0.1631324225087855
861,5.870394169950444e-41,0.1437331675322504
862,2.2976249292945002e-61,0.13560749389365404
863,5.543656902884852e-78,0.169853951131606
864,8.031829310284812e-201,0.21999397770319312
865,7.500599968168436e-164,0.2002242080743875
866,1.347284908338588e-86,0.16587210805944663
867,6.088204992930014e-212,0.23494083630720564
868,0.0034117200939903784,0.06294799668830978
869,1.1681066176763351e-239,0.2482693017463618
870,0.0008532604615911891,0.06059890853359791
871,4.802665841072003e-10,0.08989910922771227
872,6.385810204876727e-45,0.13455053232891218
873,0.005523816011684473,0.07150177523703355
874,1.1144743713180925e-97,0.17473408219954037
875,0.00023169373794254376,0.05959851280977346
876,1.1682834099670522e-19,0.10692477620138843
877,0.0017927605517660628,0.06220733622393422
878,6.571647190299248e-101,0.19070386622101626
879,5.1995610245558746e-111,0.1836912335178964
880,1.4672047042433105e-37,0.12571611865012045
881,0.00022901855563551538,0.08763885200596425
882,2.7290727767153385e-120,0.19940096580598904
883,2.870975543299339e-29,0.11807585815309346
884,4.440274398453764e-142,0.20906023348112857
885,2.2976249292945002e-61,0.14758018783592408
886,5.96529095723415e-71,0.15513388887019589
887,0.0001424728866846314,0.05569816989831344
888,1.532018365213639e-103,0.17884640397580637
889,4.223959604946563e-36,0.12013130048643349
890,1.3902992670645736e-10,0.09584100545841315
891,2.1421118360929646e-47,0.1367766752423401
892,2.4995820208841023e-45,0.12649349145418354
893,6.071632877859525e-50,0.14395780801727204
894,1.5000726319241602e-208,0.24589667083596128
895,6.385810204876727e-45,0.1228756140736461
896,1.6977640146497105e-168,0.2048820266672079
897,2.3106715713394306e-81,0.16055351930997852
898,4.030569001433674e-177,0.2278262178214966
899,1.9187451427644744e-26,0.1209905702299144
900,5.713633368490575e-16,0.09910373603730149
901,1.3136326104314373e-223,0.23220384793139365
902,0.00011062742319658316,0.058706852751553074
903,1.31242453150685e-234,0.2401506856122005
904,1.0920394871735828e-74,0.16128138313418505
905,2.547021850224119e-34,0.1252726433374175
906,2.3166827280155747e-233,0.2490104644678222
907,8.533369034766714e-05,0.06167252922952633
908,8.376828542362399e-65,0.15334127195352243
909,0.00011062742319658316,0.05621941509110957
910,4.376104087808638e-83,0.1642351478372467
911,2.5245741291194437e-07,0.08609370179902312
912,6.799719753453062e-107,0.1761918400679061
913,1.62746174264422e-243,0.2461847351501163
914,8.323299969178507e-225,0.22498051024247617
915,6.071632877859525e-50,0.14036724988417415
916,5.35988429129179e-138,0.19169217401034344
917,4.1559246010676724e-153,0.20549375000063785
918,2.6091075291545487e-66,0.14896861683651275
919,5.543656902884852e-78,0.155706698035513
920,4.094703820194118e-06,0.08015687967443852
921,6.446520350339568e-30,0.12387998512238126
922,1.685839292356541e-06,0.07844425061455734
923,4.440274398453764e-142,0.19537875066891253
924,5.240098301280846e-72,0.14540259888045265
925,3.447591811203248e-40,0.1397757673413531
926,3.556697093866941e-189,0.2271995942330703
927,1.6509805871632832e-82,0.15552375446231229
928,6.385810204876727e-45,0.131818166383372
929,2.610932602487892e-28,0.10377840444252917
930,0.016275726251331248,0.064402407033954
931,1.8677504836271107e-53,0.13362722674506317
932,7.656888204269557e-07,0.05515069648131668
933,6.472057781338254e-23,0.10823078811048562
934,8.335086935200107e-66,0.1507019019696793
935,2.3166827280155747e-233,0.24318661300394445
936,0.012320993079628367,0.07187658283871692
937,2.0844543613993377e-145,0.1846082108433244
938,3.0891046647418685e-48,0.14998647421984002
939,2.6286940527721147e-159,0.2054196458551566
940,0.013310366169835035,0.07872139957484187
941,0.02168178908022293,0.06664052728717512
942,6.636651926944349e-31,0.12984372107049075
943,1.2595692941220795e-166,0.20939245039598003
944,2.5245741291194437e-07,0.08833514778197803
945,8.312141838593513e-139,0.20355543842945484
946,3.927816233553997e-18,0.10805959941237364
947,1.0338864648917027e-11,0.09337829752235907
948,1.561145721136407e-05,0.05334311781540129
949,2.661726360162537e-38,0.12973181198447575
950,1.272369556453573e-33,0.12621629825869046
951,1.4718028966643284e-119,0.18186898723907297
952,0.017244507441735855,0.06418368009407745
953,0.0001845121331838693,0.08052079740845437
954,5.285172613894746e-07,0.053315176580186835
955,0.004296866301945095,0.07275927128948137
956,6.047537322188348e-116,0.18035785520201808
957,3.0891046647418685e-48,0.13053137043498386
958,5.402307768339572e-28,0.11420526283346318
959,3.162552613203648e-80,0.1615823988487545
960,2.573020804163431e-206,0.24869209261997
961,3.3008463017887495e-174,0.21689730280360592
962,2.9559767977406484e-141,0.1899246364799168
963,2.749666051377457e-172,0.2336517178264116
964,0.006653911718743631,0.057945741336616965
965,0.01982846808576897,0.06406668832310505
966,2.635376828996784e-64,0.14480125799761093
967,1.9187451427644744e-26,0.11983348259141546
968,9.734170971396188e-200,0.23745041242568982
969,5.240098301280846e-72,0.1479129922290337
970,7.759469317159259e-68,0.15792982201867012
971,5.202384106914032e-226,0.22905207314624415
972,5.647105047276887e-59,0.1393270091647381
973,4.570732644339338e-183,0.22540687785407038
974,2.15456622970928e-14,0.10071634987432568
975,3.3683984065779405e-23,0.10476194083162171
976,1.1129167046243412e-27,0.11567227801751803
977,2.3106715713394306e-81,0.1595128540961907
978,4.197039854521621e-12,0.09402573480539625
979,1.997523710064458e-132,0.18428583421625466
980,0.021615633472437206,0.07855865656060008
981,0.02261092881778517,0.06882005489992789
982,3.2850520329499985e-190,0.22403834924107552
983,4.080746332931543e-13,0.0973737407113997
984,2.4995820208841023e-45,0.12720080220451913
985,1.1534136193165625e-83,0.16430841854506645
986,2.517439175581603e-67,0.15516039399029402
987,0.01527440456597626,0.06520477588842138
988,4.5671581115279926e-181,0.2248251871196057
989,1.5000726319241602e-208,0.24022712368373844
990,8.57581237952408e-149,0.21250146083493437
991,4.197039854521621e-12,0.10676036698937486
992,1.9896289566840028e-77,0.15556935922359189
993,9.478139704231098e-27,0.1178833448035219
994,8.248958634295874e-64,0.16093346215753335
995,8.323299969178507e-225,0.24488069378260052
996,2.1217183558995182e-19,0.11234058354379628
997,7.882001050408083e-119,0.18375932118457394
998,1.1319945140050964e-34,0.11519344146179718
999,9.65959257779924e-156,0.20489545320301594
